model,disease,race_group,n,auroc,brier,mean_pred,prevalence,calib_gap
ResNet50-ImageNet,Atelectasis,White,5340,0.6182612773275735,0.03744242130594993,0.9651831892728833,0.9698501825332642,-0.004666993260380892
ResNet50-ImageNet,Atelectasis,Black,826,0.6362141609289897,0.0539612155830177,0.9566183839338779,0.9552057981491089,0.0014125857847689938
ResNet50-ImageNet,Atelectasis,Asian,197,0.47291666666666665,0.05015096746293565,0.9409211671835432,0.9746192693710327,-0.033698102187489476
ResNet50-ImageNet,Atelectasis,Other,620,0.7165928386858619,0.03578126490047053,0.9643118027225474,0.9709677696228027,-0.006655966900255383
ResNet50-ImageNet,Cardiomegaly,White,6459,0.781461802130352,0.1519848321031129,0.7520667603320507,0.7398977875709534,0.012168972761097296
ResNet50-ImageNet,Cardiomegaly,Black,1333,0.7795761230382432,0.13851894906488024,0.761551428851801,0.7794448733329773,-0.017893444481176246
ResNet50-ImageNet,Cardiomegaly,Asian,281,0.7512738476122763,0.18204479040844476,0.7139959281450736,0.690391480922699,0.023604447222374647
ResNet50-ImageNet,Cardiomegaly,Other,748,0.777351943444597,0.16289993387326465,0.7229069904044135,0.7072192430496216,0.015687747354791948
ResNet50-ImageNet,Consolidation,White,1925,0.8101390842536756,0.18188304216783865,0.6153497495023316,0.6322078108787537,-0.016858061376422095
ResNet50-ImageNet,Consolidation,Black,419,0.8183789954337899,0.178271606093297,0.4899961465707148,0.4773269593715668,0.012669187199148002
ResNet50-ImageNet,Consolidation,Asian,106,0.7753267973856209,0.20708915951312382,0.6055759797228348,0.6792452931404114,-0.07366931341757654
ResNet50-ImageNet,Consolidation,Other,236,0.8435858694870134,0.1699443909819597,0.48200683850017606,0.4788135588169098,0.00319327968326627
ResNet50-ImageNet,Edema,White,5718,0.8673569552798017,0.14697793121694894,0.5435932723233551,0.5475690960884094,-0.003975823765054343
ResNet50-ImageNet,Edema,Black,1093,0.8654543018855286,0.15076578194768353,0.5041981007142118,0.5077767372131348,-0.0035786364989229824
ResNet50-ImageNet,Edema,Asian,228,0.8205128205128205,0.18028537719740848,0.5160935996740628,0.5131579041481018,0.0029356955259609574
ResNet50-ImageNet,Edema,Other,685,0.8370077256453741,0.1720598513688419,0.485908934203951,0.4656934440135956,0.0202154901903554
ResNet50-ImageNet,Enlarged Cardiomediastinum,White,1346,0.6914354421013689,0.25952006591762455,0.5921053628833365,0.6062406897544861,-0.0141353268711496
ResNet50-ImageNet,Enlarged Cardiomediastinum,Black,223,0.6537216828478964,0.29461752943771313,0.5328576233566926,0.5381165742874146,-0.005258950930721928
ResNet50-ImageNet,Enlarged Cardiomediastinum,Asian,71,0.7352380952380952,0.21231367923858957,0.6838468348269785,0.7042253613471985,-0.020378526520219986
ResNet50-ImageNet,Enlarged Cardiomediastinum,Other,194,0.7021869639794168,0.2554528341967755,0.5648370998463936,0.5463917255401611,0.018445374306232498
ResNet50-ImageNet,Lung Opacity,White,5827,0.633322196235661,0.053894187889043786,0.9483647424830819,0.9498884677886963,-0.0015237253056143985
ResNet50-ImageNet,Lung Opacity,Black,1098,0.6523821218074657,0.06784175031841076,0.9474807854137742,0.9271402359008789,0.020340549512895323
ResNet50-ImageNet,Lung Opacity,Asian,293,0.767146282973621,0.045848307733397965,0.946897676917978,0.9488054513931274,-0.0019077744751494485
ResNet50-ImageNet,Lung Opacity,Other,681,0.6452649921884388,0.07908144777458319,0.9375808294477068,0.922173261642456,0.015407567805250766
ResNet50-ImageNet,Pleural Effusion,White,9135,0.8465887865904638,0.1372009456712236,0.7000410030989238,0.706184983253479,-0.006143980154555195
ResNet50-ImageNet,Pleural Effusion,Black,1390,0.830939160851035,0.16280739474400263,0.5890802395606152,0.5784172415733337,0.01066299798728143
ResNet50-ImageNet,Pleural Effusion,Asian,387,0.8326290933946436,0.14655314615016352,0.6839044049076793,0.6873385310173035,-0.003434126109624125
ResNet50-ImageNet,Pleural Effusion,Other,1046,0.8519071977316703,0.14815389706274026,0.6215148480231478,0.6070745587348938,0.014440289288254027
ResNet50-ImageNet,Pneumonia,White,3927,0.7262124341546984,0.20945881594652138,0.4237462874680103,0.4163483679294586,0.007397919538551678
ResNet50-ImageNet,Pneumonia,Black,872,0.7180656934306568,0.2048810637818203,0.40873538731570025,0.37155961990356445,0.037175767412135796
ResNet50-ImageNet,Pneumonia,Asian,227,0.6179547228727557,0.26458083947157285,0.46016180294203657,0.46255508065223694,-0.00239327771020037
ResNet50-ImageNet,Pneumonia,Other,541,0.7167102206736352,0.20819177297493446,0.3868386558102164,0.37892791628837585,0.00791073952184057
ResNet50-ImageNet,Pneumothorax,White,5861,0.6739208100481462,0.15228631940755033,0.19880238500022757,0.19843029975891113,0.0003720852413164333
ResNet50-ImageNet,Pneumothorax,Black,895,0.6897549043912276,0.1415005095740671,0.18553530338480118,0.18547485768795013,6.04456968510414e-05
ResNet50-ImageNet,Pneumothorax,Asian,289,0.6510641357492091,0.18010136738308832,0.24774012765108097,0.2110726684331894,0.03666745921789158
ResNet50-ImageNet,Pneumothorax,Other,653,0.7150090415913201,0.12176894097176547,0.16740796007352493,0.15313935279846191,0.014268607275063017
ResNet50-ImageNet,Support Devices,White,8281,0.6828132693965212,0.04190258134529389,0.9507291397215489,0.9591836929321289,-0.008454553210579974
ResNet50-ImageNet,Support Devices,Black,1188,0.7255007491235981,0.04851798381550491,0.949285424241579,0.9486532211303711,0.0006322031112079296
ResNet50-ImageNet,Support Devices,Asian,359,0.7318885448916409,0.0503669439224097,0.9464250443096366,0.9470751881599426,-0.0006501438503060397
ResNet50-ImageNet,Support Devices,Other,878,0.7165694682675815,0.05665751387715828,0.9491369471741624,0.9396355152130127,0.00950143196114972
DINOv2-base,Atelectasis,White,5340,0.6944648658761673,0.029310857747239526,0.9698472276748832,0.9698501825332642,-2.954858380976866e-06
DINOv2-base,Atelectasis,Black,826,0.7185626691330114,0.04331012011275105,0.9571834301842941,0.9552057981491089,0.001977632035185195
DINOv2-base,Atelectasis,Asian,197,0.5614583333333333,0.02907644219495109,0.9592685444841403,0.9746192693710327,-0.015350724886892375
DINOv2-base,Atelectasis,Other,620,0.6437799926172019,0.028312410708830577,0.9681619664239236,0.9709677696228027,-0.002805803198879131
DINOv2-base,Cardiomegaly,White,6459,0.8062226606482726,0.14463911212445446,0.7506356122266455,0.7398977875709534,0.010737824655692174
DINOv2-base,Cardiomegaly,Black,1333,0.8247857372015215,0.1247494469274803,0.7701249230342324,0.7794448733329773,-0.009319950298744883
DINOv2-base,Cardiomegaly,Asian,281,0.7740846071809456,0.17246491553083795,0.6755165500175933,0.690391480922699,-0.014874930905105721
DINOv2-base,Cardiomegaly,Other,748,0.8070020975218168,0.14766405761609835,0.7251714134830745,0.7072192430496216,0.017952170433452874
DINOv2-base,Consolidation,White,1925,0.8781852197447646,0.13733233157617164,0.6120066852968378,0.6322078108787537,-0.02020112558191589
DINOv2-base,Consolidation,Black,419,0.8545205479452055,0.15201944612934457,0.48268905121914757,0.4773269593715668,0.005362091847580797
DINOv2-base,Consolidation,Asian,106,0.8745915032679739,0.13812802367864516,0.669412755844464,0.6792452931404114,-0.009832537295947352
DINOv2-base,Consolidation,Other,236,0.8796316281746888,0.1363496047082628,0.4792587398413238,0.4788135588169098,0.00044518102441398755
DINOv2-base,Edema,White,5718,0.8910879977856508,0.13023682767156106,0.5492572604401624,0.5475690960884094,0.0016881643517530076
DINOv2-base,Edema,Black,1093,0.8805954653538296,0.139698133890531,0.5017135563817431,0.5077767372131348,-0.006063180831391679
DINOv2-base,Edema,Asian,228,0.8804188804188804,0.13760340580672004,0.5040171934892009,0.5131579041481018,-0.009140710658900875
DINOv2-base,Edema,Other,685,0.867190845709783,0.1488089979693343,0.4793955597871299,0.4656934440135956,0.013702115773534307
DINOv2-base,Enlarged Cardiomediastinum,White,1346,0.7672886607473177,0.19403175645341958,0.6050261308970217,0.6062406897544861,-0.001214558857464354
DINOv2-base,Enlarged Cardiomediastinum,Black,223,0.7843042071197411,0.1907336576853136,0.5591918534727404,0.5381165742874146,0.021075279185325813
DINOv2-base,Enlarged Cardiomediastinum,Asian,71,0.7552380952380953,0.19510344237026994,0.5995576225397024,0.7042253613471985,-0.10466773880749614
DINOv2-base,Enlarged Cardiomediastinum,Other,194,0.774442538593482,0.19669313438428634,0.5581836253407542,0.5463917255401611,0.011791899800593031
DINOv2-base,Lung Opacity,White,5827,0.7101799260001732,0.04704476737687688,0.9491417774768972,0.9498884677886963,-0.0007466903117990809
DINOv2-base,Lung Opacity,Black,1098,0.6896856581532416,0.06628495861769587,0.9418654646682176,0.9271402359008789,0.014725228767338727
DINOv2-base,Lung Opacity,Asian,293,0.7388489208633093,0.04670919326096919,0.9447091193635476,0.9488054513931274,-0.004096332029579819
DINOv2-base,Lung Opacity,Other,681,0.7534551135680807,0.06489166067884906,0.9432351153129985,0.922173261642456,0.021061853670542474
DINOv2-base,Pleural Effusion,White,9135,0.8819331260463782,0.12019439755329005,0.7002432192362166,0.706184983253479,-0.00594176401726243
DINOv2-base,Pleural Effusion,Black,1390,0.8551292173942574,0.1517340487273325,0.5880032960739229,0.5784172415733337,0.009586054500589136
DINOv2-base,Pleural Effusion,Asian,387,0.8682035667681601,0.12367115739067622,0.6862461205149797,0.6873385310173035,-0.0010924105023237818
DINOv2-base,Pleural Effusion,Other,1046,0.8869283675307009,0.12878664693638336,0.6138243684075328,0.6070745587348938,0.006749809672639051
DINOv2-base,Pneumonia,White,3927,0.7485598091486944,0.19732242324214772,0.42708700485590245,0.4163483679294586,0.010738636926443834
DINOv2-base,Pneumonia,Black,872,0.7302367757051456,0.19726975681904388,0.38831415562790905,0.37155961990356445,0.0167545357243446
DINOv2-base,Pneumonia,Asian,227,0.7096018735362998,0.21791633790703738,0.4591651651271062,0.46255508065223694,-0.003389915525130738
DINOv2-base,Pneumonia,Other,541,0.7488240418118467,0.19309783682729836,0.3947060485014487,0.37892791628837585,0.015778132213072837
DINOv2-base,Pneumothorax,White,5861,0.6962689159544301,0.14592049399453705,0.1937046533377448,0.19843029975891113,-0.004725646421166324
DINOv2-base,Pneumothorax,Black,895,0.7477234039036805,0.13233338511314996,0.17554915301615792,0.18547485768795013,-0.009925704671792213
DINOv2-base,Pneumothorax,Asian,289,0.7229651998849583,0.15552739674345117,0.2716536860888364,0.2110726684331894,0.060581017655646996
DINOv2-base,Pneumothorax,Other,653,0.7158951175406871,0.12527262801697342,0.17026257423423743,0.15313935279846191,0.01712322143577552
DINOv2-base,Support Devices,White,8281,0.7408678103678056,0.039302611401188424,0.950417049949184,0.9591836929321289,-0.008766642982944939
DINOv2-base,Support Devices,Black,1188,0.6979940942877507,0.04929866216003396,0.9480366088556,0.9486532211303711,-0.0006166122747710556
DINOv2-base,Support Devices,Asian,359,0.7815789473684212,0.04658797885873525,0.9334450231885317,0.9470751881599426,-0.013630164971410896
DINOv2-base,Support Devices,Other,878,0.7407432818753574,0.05177081312308363,0.9525427890305298,0.9396355152130127,0.012907273817517106
BiomedCLIP,Atelectasis,White,5340,0.714291710790951,0.02857085189374432,0.969869937676218,0.9698501825332642,1.9755142953825633e-05
BiomedCLIP,Atelectasis,Black,826,0.7152742095707875,0.041071495365144664,0.9679302153115705,0.9552057981491089,0.012724417162461643
BiomedCLIP,Atelectasis,Asian,197,0.48750000000000004,0.02639423013822866,0.9683963492224662,0.9746192693710327,-0.006222920148566513
BiomedCLIP,Atelectasis,Other,620,0.6907530454042081,0.027380556448011156,0.9689504907427844,0.9709677696228027,-0.002017278880018347
BiomedCLIP,Cardiomegaly,White,6459,0.8423804790801025,0.1337274214710813,0.7532361037383148,0.7398977875709534,0.013338316167361475
BiomedCLIP,Cardiomegaly,Black,1333,0.8701950462571939,0.11217726985330893,0.7737501855600195,0.7794448733329773,-0.005694687772957785
BiomedCLIP,Cardiomegaly,Asian,281,0.8099893352292926,0.15611168057177172,0.7039402552113865,0.690391480922699,0.013548774288687504
BiomedCLIP,Cardiomegaly,Other,748,0.8565139705311132,0.12937310077590483,0.7225841363008646,0.7072192430496216,0.015364893251243017
BiomedCLIP,Consolidation,White,1925,0.8908645878305921,0.12701918914947266,0.616721886472577,0.6322078108787537,-0.015485924406176688
BiomedCLIP,Consolidation,Black,419,0.8875114155251141,0.13134473844737438,0.4990585046070049,0.4773269593715668,0.021731545235438132
BiomedCLIP,Consolidation,Asian,106,0.888888888888889,0.12423237983704008,0.6699191360766875,0.6792452931404114,-0.009326157063723861
BiomedCLIP,Consolidation,Other,236,0.9045974530541765,0.12002476920118182,0.46692130352383376,0.4788135588169098,-0.011892255293076026
BiomedCLIP,Edema,White,5718,0.8880785768016556,0.1333396739642412,0.5446537967652212,0.5475690960884094,-0.0029152993231882363
BiomedCLIP,Edema,Black,1093,0.8873438494256338,0.1347331392489407,0.5187351656732383,0.5077767372131348,0.010958428460103531
BiomedCLIP,Edema,Asian,228,0.8736428736428736,0.14491680719004493,0.5238496156356561,0.5131579041481018,0.010691711487554323
BiomedCLIP,Edema,Other,685,0.8712506637888209,0.14674385317935537,0.48286975822508527,0.4656934440135956,0.017176314211489685
BiomedCLIP,Enlarged Cardiomediastinum,White,1346,0.7895995190529042,0.18172845611254995,0.6022073878861646,0.6062406897544861,-0.004033301868321515
BiomedCLIP,Enlarged Cardiomediastinum,Black,223,0.7797734627831715,0.19007388363891214,0.5610241154331397,0.5381165742874146,0.02290754114572513
BiomedCLIP,Enlarged Cardiomediastinum,Asian,71,0.7666666666666667,0.1858806873444641,0.6520682671265651,0.7042253613471985,-0.052157094220633415
BiomedCLIP,Enlarged Cardiomediastinum,Other,194,0.7910591766723841,0.18662887658211685,0.5557776515264912,0.5463917255401611,0.009385925986330035
BiomedCLIP,Lung Opacity,White,5827,0.7642598161141427,0.045084543188980794,0.9500285410420628,0.9498884677886963,0.00014007325336651277
BiomedCLIP,Lung Opacity,Black,1098,0.7263015717092338,0.06393992685785486,0.9454309018626873,0.9271402359008789,0.018290665961808394
BiomedCLIP,Lung Opacity,Asian,293,0.8035971223021582,0.04335066292031228,0.9528165204319614,0.9488054513931274,0.00401106903883397
BiomedCLIP,Lung Opacity,Other,681,0.7429095060689822,0.06818799753946239,0.9412099889365988,0.922173261642456,0.01903672729414274
BiomedCLIP,Pleural Effusion,White,9135,0.8895850433660051,0.1177247491326746,0.6990292547130799,0.706184983253479,-0.007155728540399142
BiomedCLIP,Pleural Effusion,Black,1390,0.861783234000645,0.15004943656463135,0.6116567896173906,0.5784172415733337,0.03323954804405682
BiomedCLIP,Pleural Effusion,Asian,387,0.8756602249425215,0.12364701535721924,0.6926603722184805,0.6873385310173035,0.005321841201177069
BiomedCLIP,Pleural Effusion,Other,1046,0.9023430465352414,0.11952680221528182,0.6225773487995011,0.6070745587348938,0.015502790064607308
BiomedCLIP,Pneumonia,White,3927,0.7649019858996322,0.19139907944000778,0.4268223801452092,0.4163483679294586,0.010474012215750561
BiomedCLIP,Pneumonia,Black,872,0.7853586554924755,0.17771541941869068,0.3934172133331677,0.37155961990356445,0.02185759342960325
BiomedCLIP,Pneumonia,Asian,227,0.7404371584699454,0.20507040223789258,0.4613445273711987,0.46255508065223694,-0.0012105532810382513
BiomedCLIP,Pneumonia,Other,541,0.7832752613240417,0.17822658706520603,0.38263917233012407,0.37892791628837585,0.003711256041748212
BiomedCLIP,Pneumothorax,White,5861,0.6948058246918705,0.1428233792564252,0.19426791374660454,0.19843029975891113,-0.00416238601230659
BiomedCLIP,Pneumothorax,Black,895,0.7489464028955327,0.12697386674078254,0.1828016286465048,0.18547485768795013,-0.0026732290414453463
BiomedCLIP,Pneumothorax,Asian,289,0.7498561978717285,0.13978915884580898,0.2737031336042622,0.2110726684331894,0.06263046517107279
BiomedCLIP,Pneumothorax,Other,653,0.7119710669077759,0.11980889809856106,0.15741903776417154,0.15313935279846191,0.004279684965709629
BiomedCLIP,Support Devices,White,8281,0.745390791042986,0.03760212998732698,0.9526968738577006,0.9591836929321289,-0.006486819074428274
BiomedCLIP,Support Devices,Black,1188,0.772237333992756,0.044817969915505455,0.95020807938349,0.9486532211303711,0.0015548582531188515
BiomedCLIP,Support Devices,Asian,359,0.8540247678018577,0.04477090985952638,0.936522572096138,0.9470751881599426,-0.010552616063804643
BiomedCLIP,Support Devices,Other,878,0.7571869639794169,0.0526619926077013,0.9531278069811252,0.9396355152130127,0.013492291768112508
XRV-DenseNet-nih,Atelectasis,White,5340,0.6796714874571101,0.028712897300769084,0.9692408885282876,0.9698501825332642,-0.0006092940049765572
XRV-DenseNet-nih,Atelectasis,Black,826,0.5537628883636488,0.04251671816418527,0.9668280883332097,0.9552057981491089,0.01162229018410077
XRV-DenseNet-nih,Atelectasis,Asian,197,0.6510416666666666,0.02498290866708341,0.9702931755394799,0.9746192693710327,-0.004326093831552802
XRV-DenseNet-nih,Atelectasis,Other,620,0.6635289774824659,0.027513182116883944,0.9697727623405331,0.9709677696228027,-0.0011950072822696223
XRV-DenseNet-nih,Cardiomegaly,White,6459,0.8010808696778564,0.1458075524652946,0.7570260513038936,0.7398977875709534,0.017128263732940185
XRV-DenseNet-nih,Cardiomegaly,Black,1333,0.8096351148736685,0.12637446869600052,0.7575109112667789,0.7794448733329773,-0.021933962066198354
XRV-DenseNet-nih,Cardiomegaly,Asian,281,0.746948690603152,0.18453893671352656,0.7177183289363538,0.690391480922699,0.027326848013654814
XRV-DenseNet-nih,Cardiomegaly,Other,748,0.8198720770645053,0.14727480905858845,0.7300191548616073,0.7072192430496216,0.022799911811985707
XRV-DenseNet-nih,Consolidation,White,1925,0.7800219582283006,0.18273188773028204,0.5966161648606726,0.6322078108787537,-0.03559164601808107
XRV-DenseNet-nih,Consolidation,Black,419,0.7795205479452054,0.19463905734214315,0.5414040930458558,0.4773269593715668,0.06407713367428902
XRV-DenseNet-nih,Consolidation,Asian,106,0.8255718954248366,0.15615606033289783,0.6162710745178751,0.6792452931404114,-0.06297421862253627
XRV-DenseNet-nih,Consolidation,Other,236,0.8040866249370457,0.18535388542163503,0.5324786496528342,0.4788135588169098,0.05366509083592441
XRV-DenseNet-nih,Edema,White,5718,0.827089282740262,0.16749163548856416,0.5401555060581884,0.5475690960884094,-0.007413590030221018
XRV-DenseNet-nih,Edema,Black,1093,0.8533976355537695,0.15672366331244886,0.5301888096901146,0.5077767372131348,0.02241207247697985
XRV-DenseNet-nih,Edema,Asian,228,0.8362978362978364,0.16556365221853,0.5335985838908727,0.5131579041481018,0.020440679742770862
XRV-DenseNet-nih,Edema,Other,685,0.7983538037240695,0.1847765306266321,0.5234658330303344,0.4656934440135956,0.05777238901673887
XRV-DenseNet-nih,Enlarged Cardiomediastinum,White,1346,0.7549782648908621,0.19480890271970303,0.5969383828693198,0.6062406897544861,-0.009302306885166312
XRV-DenseNet-nih,Enlarged Cardiomediastinum,Black,223,0.7716828478964401,0.196892121783308,0.5598576732445579,0.5381165742874146,0.02174109895714338
XRV-DenseNet-nih,Enlarged Cardiomediastinum,Asian,71,0.680952380952381,0.2188933653080129,0.5958247138548077,0.7042253613471985,-0.10840064749239076
XRV-DenseNet-nih,Enlarged Cardiomediastinum,Other,194,0.8103559176672385,0.17867439615473962,0.5666232959825873,0.5463917255401611,0.020231570442426183
XRV-DenseNet-nih,Lung Opacity,White,5827,0.6782399673311801,0.04676648234059376,0.9487551890144678,0.9498884677886963,-0.00113327877422853
XRV-DenseNet-nih,Lung Opacity,Black,1098,0.6032170923379175,0.06736428516769662,0.9489789605444369,0.9271402359008789,0.02183872464355796
XRV-DenseNet-nih,Lung Opacity,Asian,293,0.759232613908873,0.04515006025706041,0.9518859419844797,0.9488054513931274,0.0030804905913522918
XRV-DenseNet-nih,Lung Opacity,Other,681,0.6408785001802668,0.07114164555015824,0.9484495654066871,0.922173261642456,0.026276303764231068
XRV-DenseNet-nih,Pleural Effusion,White,9135,0.7935360360724582,0.15768569007789798,0.6878378783455025,0.706184983253479,-0.01834710490797653
XRV-DenseNet-nih,Pleural Effusion,Black,1390,0.7617288981712598,0.1963929426766586,0.6423683395853843,0.5784172415733337,0.06395109801205057
XRV-DenseNet-nih,Pleural Effusion,Asian,387,0.7613247996023116,0.16999586945310535,0.7126159561686101,0.6873385310173035,0.0252774251513066
XRV-DenseNet-nih,Pleural Effusion,Other,1046,0.8069659175814702,0.1724865559766907,0.6516940613459122,0.6070745587348938,0.044619502611018436
XRV-DenseNet-nih,Pneumonia,White,3927,0.7046034338291411,0.21256486969607727,0.42109986935749216,0.4163483679294586,0.004751501428033544
XRV-DenseNet-nih,Pneumonia,Black,872,0.7120167612868342,0.20587004982881127,0.4182865009137498,0.37155961990356445,0.04672688101018535
XRV-DenseNet-nih,Pneumonia,Asian,227,0.6562060889929743,0.23109787304399027,0.4613823391863689,0.46255508065223694,-0.0011727414658680435
XRV-DenseNet-nih,Pneumonia,Other,541,0.7065766550522647,0.20765272415726554,0.4125849288997131,0.37892791628837585,0.033657012611337245
XRV-DenseNet-nih,Pneumothorax,White,5861,0.6327071727344507,0.15324889843241254,0.19507867907260887,0.19843029975891113,-0.0033516206863022646
XRV-DenseNet-nih,Pneumothorax,Black,895,0.650660254185466,0.14509361460110398,0.1953214039383552,0.18547485768795013,0.00984654625040507
XRV-DenseNet-nih,Pneumothorax,Asian,289,0.7044147253379349,0.15511100326478577,0.26363863313540103,0.2110726684331894,0.05256596470221164
XRV-DenseNet-nih,Pneumothorax,Other,653,0.6174864376130199,0.12937598802445316,0.1822959339976753,0.15313935279846191,0.029156581199213383
XRV-DenseNet-nih,Support Devices,White,8281,0.6752475291779372,0.03844981170380814,0.9524145649189928,0.9591836929321289,-0.0067691280131361165
XRV-DenseNet-nih,Support Devices,Black,1188,0.6474755262047799,0.04766195466286438,0.9528134863941013,0.9486532211303711,0.004160265263730256
XRV-DenseNet-nih,Support Devices,Asian,359,0.7047987616099071,0.04916493969146527,0.943902291861772,0.9470751881599426,-0.0031728962981706355
XRV-DenseNet-nih,Support Devices,Other,878,0.704722698684963,0.05430482666072783,0.953215907086961,0.9396355152130127,0.013580391873948328
CLIP-ViT-B16,Atelectasis,White,5340,0.6945883938840444,0.02972442386069591,0.9704188758894802,0.9698501825332642,0.0005686933562160101
CLIP-ViT-B16,Atelectasis,Black,826,0.6691330113383345,0.04304565031525182,0.9652386322349142,0.9552057981491089,0.010032834085805353
CLIP-ViT-B16,Atelectasis,Asian,197,0.5635416666666666,0.026462278719355706,0.9687644146989047,0.9746192693710327,-0.005854854672127985
CLIP-ViT-B16,Atelectasis,Other,620,0.6638058324104836,0.02951925051525134,0.9651426506222952,0.9709677696228027,-0.005825119000507528
CLIP-ViT-B16,Cardiomegaly,White,6459,0.7718866768301796,0.15415182989062345,0.7557057766950108,0.7398977875709534,0.015807989124057453
CLIP-ViT-B16,Cardiomegaly,Black,1333,0.7906215421683591,0.13658544651904062,0.7592473115577281,0.7794448733329773,-0.02019756177524923
CLIP-ViT-B16,Cardiomegaly,Asian,281,0.7755658253347553,0.16601684671515504,0.6988690324866205,0.690391480922699,0.008477551563921493
CLIP-ViT-B16,Cardiomegaly,Other,748,0.7967043875322612,0.15798925314507753,0.7329877923063838,0.7072192430496216,0.025768549256762197
CLIP-ViT-B16,Consolidation,White,1925,0.8301382486339939,0.16143896119076545,0.6100343515703058,0.6322078108787537,-0.02217345930844783
CLIP-ViT-B16,Consolidation,Black,419,0.8381963470319636,0.16358382075578123,0.4981160470139508,0.4773269593715668,0.02078908764238402
CLIP-ViT-B16,Consolidation,Asian,106,0.8357843137254902,0.1582081816024319,0.6155482691389244,0.6792452931404114,-0.06369702400148702
CLIP-ViT-B16,Consolidation,Other,236,0.8737319231599396,0.14208452835431368,0.50506628548869,0.4788135588169098,0.026252726671780247
CLIP-ViT-B16,Edema,White,5718,0.851104156015811,0.15488512738744123,0.5467535684162728,0.5475690960884094,-0.0008155276721366622
CLIP-ViT-B16,Edema,Black,1093,0.8458019357647608,0.1600914747154858,0.49863715131433006,0.5077767372131348,-0.009139585898804703
CLIP-ViT-B16,Edema,Asian,228,0.849079849079849,0.15940252712497863,0.4994842528903753,0.5131579041481018,-0.013673651257726516
CLIP-ViT-B16,Edema,Other,685,0.8158435685287013,0.1772991882283544,0.4940311021698169,0.4656934440135956,0.0283376581562213
CLIP-ViT-B16,Enlarged Cardiomediastinum,White,1346,0.7490982241953386,0.19887925379931765,0.5997590235033723,0.6062406897544861,-0.0064816662511137935
CLIP-ViT-B16,Enlarged Cardiomediastinum,Black,223,0.7718446601941746,0.19587532502840585,0.5618128476161888,0.5381165742874146,0.02369627332877422
CLIP-ViT-B16,Enlarged Cardiomediastinum,Asian,71,0.7723809523809523,0.17873215800730735,0.6085751067330208,0.7042253613471985,-0.09565025461417764
CLIP-ViT-B16,Enlarged Cardiomediastinum,Other,194,0.7546097770154374,0.20244215129957235,0.5370175189055697,0.5463917255401611,-0.009374206634591431
CLIP-ViT-B16,Lung Opacity,White,5827,0.6890553266263256,0.046951206463375354,0.9497994017156665,0.9498884677886963,-8.906607302983094e-05
CLIP-ViT-B16,Lung Opacity,Black,1098,0.7106581532416503,0.06605412458085437,0.9477788764659686,0.9271402359008789,0.020638640565089683
CLIP-ViT-B16,Lung Opacity,Asian,293,0.7774580335731414,0.04653410874123777,0.9476541102138573,0.9488054513931274,-0.0011513411792701822
CLIP-ViT-B16,Lung Opacity,Other,681,0.7144573969474823,0.06637857669914972,0.9429701291410177,0.922173261642456,0.02079686749856169
CLIP-ViT-B16,Pleural Effusion,White,9135,0.8285632999516475,0.14469409301004227,0.6965279504112908,0.706184983253479,-0.009657032842188218
CLIP-ViT-B16,Pleural Effusion,Black,1390,0.8153154874093697,0.17081051546249393,0.6080646923379194,0.5784172415733337,0.029647450764585637
CLIP-ViT-B16,Pleural Effusion,Asian,387,0.830236748897036,0.14957400541293017,0.6728038553798898,0.6873385310173035,-0.014534675637413619
CLIP-ViT-B16,Pleural Effusion,Other,1046,0.8395271758913347,0.15669476138630642,0.6212421235234605,0.6070745587348938,0.014167564788566733
CLIP-ViT-B16,Pneumonia,White,3927,0.7195211638940925,0.20829457913976185,0.42563177708314887,0.4163483679294586,0.009283409153690247
CLIP-ViT-B16,Pneumonia,Black,872,0.7236640533477516,0.20172203508392061,0.3959001562759808,0.37155961990356445,0.024340536372416344
CLIP-ViT-B16,Pneumonia,Asian,227,0.6333333333333334,0.24628255450079287,0.4561793388958451,0.46255508065223694,-0.006375741756391828
CLIP-ViT-B16,Pneumonia,Other,541,0.7019744483159118,0.2085743170636797,0.39341187424406526,0.37892791628837585,0.014483957955689408
CLIP-ViT-B16,Pneumothorax,White,5861,0.6706664660727183,0.14927403839965347,0.19686687179986492,0.19843029975891113,-0.0015634279590462097
CLIP-ViT-B16,Pneumothorax,Black,895,0.7166691457186772,0.1358471722702841,0.18397394342045156,0.18547485768795013,-0.001500914267498571
CLIP-ViT-B16,Pneumothorax,Asian,289,0.7275668679896463,0.15416678526703037,0.26702275359446787,0.2110726684331894,0.05595008516127847
CLIP-ViT-B16,Pneumothorax,Other,653,0.6340506329113925,0.12918151012647963,0.16712592624675524,0.15313935279846191,0.013986573448293321
CLIP-ViT-B16,Support Devices,White,8281,0.7373393416256508,0.038249686876829316,0.9524091216179131,0.9591836929321289,-0.0067745713142157715
CLIP-ViT-B16,Support Devices,Black,1188,0.7036670691084702,0.04588613647654602,0.9514678221823065,0.9486532211303711,0.002814601051935428
CLIP-ViT-B16,Support Devices,Asian,359,0.7461300309597523,0.04830757527319051,0.9403011698682482,0.9470751881599426,-0.006774018291694439
CLIP-ViT-B16,Support Devices,Other,878,0.7681189251000573,0.05190616040090367,0.9515329054860368,0.9396355152130127,0.011897390273024055
ConvNeXtV2-Base,Atelectasis,White,5340,0.6431431761569357,0.0318374362548156,0.9688754836159341,0.9698501825332642,-0.0009746989173300413
ConvNeXtV2-Base,Atelectasis,Black,826,0.5999725961703148,0.04500984271778794,0.9649848865303859,0.9552057981491089,0.009779088381277057
ConvNeXtV2-Base,Atelectasis,Asian,197,0.6510416666666666,0.02690485342066399,0.9699820338046139,0.9746192693710327,-0.004637235566418818
ConvNeXtV2-Base,Atelectasis,Other,620,0.6004983388704319,0.030067252923557955,0.964862530835535,0.9709677696228027,-0.006105238787267764
ConvNeXtV2-Base,Cardiomegaly,White,6459,0.815278898753475,0.14159493904240208,0.757155568083085,0.7398977875709534,0.01725778051213167
ConvNeXtV2-Base,Cardiomegaly,Black,1333,0.8189291115868869,0.12845360181154727,0.766359473432475,0.7794448733329773,-0.013085399900502281
ConvNeXtV2-Base,Cardiomegaly,Asian,281,0.7573764664059722,0.17912671356004442,0.6893825968256143,0.690391480922699,-0.0010088840970846613
ConvNeXtV2-Base,Cardiomegaly,Other,748,0.8074336863730137,0.15146090188826203,0.7222541748037279,0.7072192430496216,0.015034931754106307
ConvNeXtV2-Base,Consolidation,White,1925,0.8587222446601581,0.14854920503658922,0.6110356766797447,0.6322078108787537,-0.021172134199008985
ConvNeXtV2-Base,Consolidation,Black,419,0.8544977168949772,0.15363014616360543,0.49763470610908755,0.4773269593715668,0.020307746737520782
ConvNeXtV2-Base,Consolidation,Asian,106,0.7888071895424836,0.18164958910347476,0.6296248887345857,0.6792452931404114,-0.04962040440582571
ConvNeXtV2-Base,Consolidation,Other,236,0.8772573566443629,0.14296058219550084,0.48990013286430817,0.4788135588169098,0.011086574047398379
ConvNeXtV2-Base,Edema,White,5718,0.8773141189326235,0.13970444889030775,0.5476179904925872,0.5475690960884094,4.889440417776836e-05
ConvNeXtV2-Base,Edema,Black,1093,0.8813490069995644,0.13866230248286587,0.5088931563496495,0.5077767372131348,0.0011164191365147236
ConvNeXtV2-Base,Edema,Asian,228,0.8459228459228458,0.1606376532039621,0.4948878611515834,0.5131579041481018,-0.01827004299651841
ConvNeXtV2-Base,Edema,Other,685,0.85110574370043,0.15932493405818077,0.4929354668688283,0.4656934440135956,0.027242022855232695
ConvNeXtV2-Base,Enlarged Cardiomediastinum,White,1346,0.7264335923048464,0.21809963967980686,0.606901063805646,0.6062406897544861,0.0006603740511599288
ConvNeXtV2-Base,Enlarged Cardiomediastinum,Black,223,0.7336569579288026,0.2197521665371986,0.559845848792508,0.5381165742874146,0.021729274505093432
ConvNeXtV2-Base,Enlarged Cardiomediastinum,Asian,71,0.7,0.21380368445911616,0.6251854394584234,0.7042253613471985,-0.07903992188877507
ConvNeXtV2-Base,Enlarged Cardiomediastinum,Other,194,0.7412092624356775,0.21534872341482678,0.5560105865411815,0.5463917255401611,0.009618861001020385
ConvNeXtV2-Base,Lung Opacity,White,5827,0.681857049164099,0.04840069297750324,0.9512725949451972,0.9498884677886963,0.001384127156500936
ConvNeXtV2-Base,Lung Opacity,Black,1098,0.6455058939096266,0.06609162251650891,0.9451953505411977,0.9271402359008789,0.018055114640318837
ConvNeXtV2-Base,Lung Opacity,Asian,293,0.7868105515587529,0.0460241024978213,0.9493705337718593,0.9488054513931274,0.0005650823787318737
ConvNeXtV2-Base,Lung Opacity,Other,681,0.7349477226294916,0.06786052198239857,0.9378543779469843,0.922173261642456,0.015681116304528286
ConvNeXtV2-Base,Pleural Effusion,White,9135,0.8674048848351472,0.12765952320680862,0.6966905217799602,0.706184983253479,-0.009494461473518845
ConvNeXtV2-Base,Pleural Effusion,Black,1390,0.8462296028390471,0.1574383657829937,0.5996469636374852,0.5784172415733337,0.021229722064151413
ConvNeXtV2-Base,Pleural Effusion,Asian,387,0.8356738954825079,0.14112080727387832,0.6881382920173507,0.6873385310173035,0.0007997610000471944
ConvNeXtV2-Base,Pleural Effusion,Other,1046,0.8683909036917832,0.1378154124819466,0.6202725090075906,0.6070745587348938,0.013197950272696768
ConvNeXtV2-Base,Pneumonia,White,3927,0.740965250759189,0.2012398544629093,0.4257874881396276,0.4163483679294586,0.00943912021016896
ConvNeXtV2-Base,Pneumonia,Black,872,0.7396706317022619,0.1941605865151496,0.3903363445232053,0.37155961990356445,0.01877672461964086
ConvNeXtV2-Base,Pneumonia,Asian,227,0.6524590163934426,0.24017743802029898,0.4517902204481065,0.46255508065223694,-0.010764860204130422
ConvNeXtV2-Base,Pneumonia,Other,541,0.7267421602787456,0.20253908436144255,0.3948178857233753,0.37892791628837585,0.01588996943499943
ConvNeXtV2-Base,Pneumothorax,White,5861,0.6881856753225883,0.14717159457290646,0.19692779370577937,0.19843029975891113,-0.0015025060531317636
ConvNeXtV2-Base,Pneumothorax,Black,895,0.7552597220156345,0.1306786676467145,0.18040230262240256,0.18547485768795013,-0.005072555065547574
ConvNeXtV2-Base,Pneumothorax,Asian,289,0.7255536381938453,0.15676192802738,0.28535787506722354,0.2110726684331894,0.07428520663403415
ConvNeXtV2-Base,Pneumothorax,Other,653,0.728499095840868,0.12220284484089097,0.1702084612921717,0.15313935279846191,0.017069108493709795
ConvNeXtV2-Base,Support Devices,White,8281,0.723979731325338,0.03963513394879906,0.9518808194989575,0.9591836929321289,-0.007302873433171375
ConvNeXtV2-Base,Support Devices,Black,1188,0.7213114754098361,0.04673094315176493,0.9481956634197218,0.9486532211303711,-0.000457557710649259
ConvNeXtV2-Base,Support Devices,Asian,359,0.8414860681114551,0.043184756560917636,0.9403708162783972,0.9470751881599426,-0.006704371881545379
ConvNeXtV2-Base,Support Devices,Other,878,0.7658776443682105,0.053850900877869555,0.9500408933978609,0.9396355152130127,0.010405378184848213
